{"Greenhouse_temp": 20.033621884148257, "Outside_temp": 3.0007831719234628, "Time": "00:04:55", "Ventilation": 0, "Heating": 1, "Average_consumption": 0.43333333333333335}