{"Greenhouse_temp": 23.18538780637382, "Outside_temp": 9.715941175701916, "Time": "04:12:15", "Ventilation": 0, "Heating": 0, "Average_consumption": 0.0}