{"Greenhouse_temp": 16.32899931337576, "Outside_temp": 5.673856256668716, "Time": "00 : 01 : 14", "Ventilation": 0, "Heating": 1, "Average_consumption": 1.0}