{"Greenhouse_temp": 24.180416222707706, "Outside_temp": 10.501353683420582, "Time": "03:13:23", "Ventilation": 0, "Heating": 0, "Average_consumption": 0.0}